"Year","Geo Level","State","State ANSI","organic_detail","Category","measurement","Value","CV (%)"
2021,"NATIONAL","US TOTAL",NA,NA,"ACRES HARVESTED",NA,"5,301","43.5"
2021,"NATIONAL","US TOTAL",NA,NA,"OPERATIONS WITH AREA HARVESTED",NA,"546","6.3"
2021,"NATIONAL","US TOTAL",NA,NA,"OPERATIONS WITH SALES",NA,"546","6.3"
2021,"NATIONAL","US TOTAL",NA,NA,"PRODUCTION"," CWT","1,495,299","51.2"
2021,"NATIONAL","US TOTAL",NA,NA,"SALES"," $","335,964,420","45.7"
2021,"NATIONAL","US TOTAL",NA,NA,"SALES"," CWT","1,494,673","51.3"
2021,"NATIONAL","US TOTAL",NA,"FRESH MARKET","OPERATIONS WITH SALES",NA,"540","6.3"
2021,"NATIONAL","US TOTAL",NA,"FRESH MARKET","SALES"," $","(D)","(D)"
2021,"NATIONAL","US TOTAL",NA,"FRESH MARKET","SALES"," CWT","1,483,234","50.3"
2021,"NATIONAL","US TOTAL",NA,"PROCESSING","OPERATIONS WITH SALES",NA,"18","24.9"
2021,"NATIONAL","US TOTAL",NA,"PROCESSING","SALES"," $","(D)","(D)"
2021,"NATIONAL","US TOTAL",NA,"PROCESSING","SALES"," CWT","11,440","(H)"
2021,"STATE","ALASKA","02",NA,"ACRES HARVESTED",NA,"(D)","(D)"
2021,"STATE","ALASKA","02",NA,"OPERATIONS WITH AREA HARVESTED",NA,"2","(H)"
2021,"STATE","ALASKA","02",NA,"OPERATIONS WITH SALES",NA,"2","(H)"
2021,"STATE","ALASKA","02",NA,"PRODUCTION"," CWT","(D)","(D)"
2021,"STATE","ALASKA","02",NA,"SALES"," $","(D)","(D)"
2021,"STATE","ALASKA","02",NA,"SALES"," CWT","(D)","(D)"
2021,"STATE","ALASKA","02","FRESH MARKET","OPERATIONS WITH SALES",NA,"2","(H)"
2021,"STATE","ALASKA","02","FRESH MARKET","SALES"," $","(D)","(D)"
2021,"STATE","ALASKA","02","FRESH MARKET","SALES"," CWT","(D)","(D)"
2021,"STATE","CALIFORNIA","06",NA,"ACRES HARVESTED",NA,"4,228","45.7"
2021,"STATE","CALIFORNIA","06",NA,"OPERATIONS WITH AREA HARVESTED",NA,"142","19.2"
2021,"STATE","CALIFORNIA","06",NA,"OPERATIONS WITH SALES",NA,"142","19.2"
2021,"STATE","CALIFORNIA","06",NA,"PRODUCTION"," CWT","1,413,251","51.6"
2021,"STATE","CALIFORNIA","06",NA,"SALES"," $","311,784,980","46.0"
2021,"STATE","CALIFORNIA","06",NA,"SALES"," CWT","1,412,627","51.7"
2021,"STATE","CALIFORNIA","06","FRESH MARKET","OPERATIONS WITH SALES",NA,"141","20.4"
2021,"STATE","CALIFORNIA","06","FRESH MARKET","SALES"," $","(D)","(D)"
2021,"STATE","CALIFORNIA","06","FRESH MARKET","SALES"," CWT","1,401,384","50.6"
2021,"STATE","CALIFORNIA","06","PROCESSING","OPERATIONS WITH SALES",NA,"7","60.0"
2021,"STATE","CALIFORNIA","06","PROCESSING","SALES"," $","(D)","(D)"
2021,"STATE","CALIFORNIA","06","PROCESSING","SALES"," CWT","11,244","(H)"
2021,"STATE","CONNECTICUT","09",NA,"ACRES HARVESTED",NA,"3","(H)"
2021,"STATE","CONNECTICUT","09",NA,"OPERATIONS WITH AREA HARVESTED",NA,"8","74.4"
2021,"STATE","CONNECTICUT","09",NA,"OPERATIONS WITH SALES",NA,"8","74.4"
2021,"STATE","CONNECTICUT","09",NA,"PRODUCTION"," CWT","183","(H)"
2021,"STATE","CONNECTICUT","09",NA,"SALES"," $","40,890","(H)"
2021,"STATE","CONNECTICUT","09",NA,"SALES"," CWT","183","(H)"
2021,"STATE","CONNECTICUT","09","FRESH MARKET","OPERATIONS WITH SALES",NA,"8","74.4"
2021,"STATE","CONNECTICUT","09","FRESH MARKET","SALES"," $","40,890","(H)"
2021,"STATE","CONNECTICUT","09","FRESH MARKET","SALES"," CWT","183","(H)"
2021,"STATE","FLORIDA","12",NA,"ACRES HARVESTED",NA,"704","99.8"
2021,"STATE","FLORIDA","12",NA,"OPERATIONS WITH AREA HARVESTED",NA,"10","57.3"
2021,"STATE","FLORIDA","12",NA,"OPERATIONS WITH SALES",NA,"10","57.3"
2021,"STATE","FLORIDA","12",NA,"PRODUCTION"," CWT","67,146","(H)"
2021,"STATE","FLORIDA","12",NA,"SALES"," $","18,358,396","(H)"
2021,"STATE","FLORIDA","12",NA,"SALES"," CWT","67,146","(H)"
2021,"STATE","FLORIDA","12","FRESH MARKET","OPERATIONS WITH SALES",NA,"10","57.3"
2021,"STATE","FLORIDA","12","FRESH MARKET","SALES"," $","18,358,396","(H)"
2021,"STATE","FLORIDA","12","FRESH MARKET","SALES"," CWT","67,146","(H)"
2021,"STATE","GEORGIA","13",NA,"ACRES HARVESTED",NA,"1","92.4"
2021,"STATE","GEORGIA","13",NA,"OPERATIONS WITH AREA HARVESTED",NA,"4","80.4"
2021,"STATE","GEORGIA","13",NA,"OPERATIONS WITH SALES",NA,"4","80.4"
2021,"STATE","GEORGIA","13",NA,"PRODUCTION"," CWT","19","78.0"
2021,"STATE","GEORGIA","13",NA,"SALES"," $","11,600","77.8"
2021,"STATE","GEORGIA","13",NA,"SALES"," CWT","19","78.0"
2021,"STATE","GEORGIA","13","FRESH MARKET","OPERATIONS WITH SALES",NA,"4","80.4"
2021,"STATE","GEORGIA","13","FRESH MARKET","SALES"," $","11,600","77.8"
2021,"STATE","GEORGIA","13","FRESH MARKET","SALES"," CWT","19","78.0"
2021,"STATE","IDAHO","16",NA,"ACRES HARVESTED",NA,"7","87.5"
2021,"STATE","IDAHO","16",NA,"OPERATIONS WITH AREA HARVESTED",NA,"6","53.2"
2021,"STATE","IDAHO","16",NA,"OPERATIONS WITH SALES",NA,"6","53.2"
2021,"STATE","IDAHO","16",NA,"PRODUCTION"," CWT","111","71.4"
2021,"STATE","IDAHO","16",NA,"SALES"," $","31,680","74.1"
2021,"STATE","IDAHO","16",NA,"SALES"," CWT","111","71.4"
2021,"STATE","IDAHO","16","FRESH MARKET","OPERATIONS WITH SALES",NA,"6","53.2"
2021,"STATE","IDAHO","16","FRESH MARKET","SALES"," $","31,680","74.1"
2021,"STATE","IDAHO","16","FRESH MARKET","SALES"," CWT","111","71.4"
2021,"STATE","ILLINOIS","17",NA,"ACRES HARVESTED",NA,"1","95.4"
2021,"STATE","ILLINOIS","17",NA,"OPERATIONS WITH AREA HARVESTED",NA,"5","95.4"
2021,"STATE","ILLINOIS","17",NA,"OPERATIONS WITH SALES",NA,"5","95.4"
2021,"STATE","ILLINOIS","17",NA,"PRODUCTION"," CWT","53","94.9"
2021,"STATE","ILLINOIS","17",NA,"SALES"," $","16,000","95.0"
2021,"STATE","ILLINOIS","17",NA,"SALES"," CWT","53","94.9"
2021,"STATE","ILLINOIS","17","FRESH MARKET","OPERATIONS WITH SALES",NA,"5","95.4"
2021,"STATE","ILLINOIS","17","FRESH MARKET","SALES"," $","16,000","95.0"
2021,"STATE","ILLINOIS","17","FRESH MARKET","SALES"," CWT","53","94.9"
2021,"STATE","INDIANA","18",NA,"ACRES HARVESTED",NA,"(D)","(D)"
2021,"STATE","INDIANA","18",NA,"OPERATIONS WITH AREA HARVESTED",NA,"2","(H)"
2021,"STATE","INDIANA","18",NA,"OPERATIONS WITH SALES",NA,"2","(H)"
2021,"STATE","INDIANA","18",NA,"PRODUCTION"," CWT","(D)","(D)"
2021,"STATE","INDIANA","18",NA,"SALES"," $","(D)","(D)"
2021,"STATE","INDIANA","18",NA,"SALES"," CWT","(D)","(D)"
2021,"STATE","INDIANA","18","FRESH MARKET","OPERATIONS WITH SALES",NA,"2","(H)"
2021,"STATE","INDIANA","18","FRESH MARKET","SALES"," $","(D)","(D)"
2021,"STATE","INDIANA","18","FRESH MARKET","SALES"," CWT","(D)","(D)"
2021,"STATE","IOWA","19",NA,"ACRES HARVESTED",NA,"(D)","(D)"
2021,"STATE","IOWA","19",NA,"OPERATIONS WITH AREA HARVESTED",NA,"6","97.5"
2021,"STATE","IOWA","19",NA,"OPERATIONS WITH SALES",NA,"6","97.5"
2021,"STATE","IOWA","19",NA,"PRODUCTION"," CWT","74","96.4"
2021,"STATE","IOWA","19",NA,"SALES"," $","(D)","(D)"
2021,"STATE","IOWA","19",NA,"SALES"," CWT","74","96.4"
2021,"STATE","IOWA","19","FRESH MARKET","OPERATIONS WITH SALES",NA,"6","97.5"
2021,"STATE","IOWA","19","FRESH MARKET","SALES"," $","(D)","(D)"
2021,"STATE","IOWA","19","FRESH MARKET","SALES"," CWT","74","96.4"
2021,"STATE","KENTUCKY","21",NA,"ACRES HARVESTED",NA,"5","76.0"
2021,"STATE","KENTUCKY","21",NA,"OPERATIONS WITH AREA HARVESTED",NA,"12","69.1"
2021,"STATE","KENTUCKY","21",NA,"OPERATIONS WITH SALES",NA,"12","69.1"
2021,"STATE","KENTUCKY","21",NA,"PRODUCTION"," CWT","62","72.0"
2021,"STATE","KENTUCKY","21",NA,"SALES"," $","30,828","72.0"
2021,"STATE","KENTUCKY","21",NA,"SALES"," CWT","62","72.0"
2021,"STATE","KENTUCKY","21","FRESH MARKET","OPERATIONS WITH SALES",NA,"12","69.1"
2021,"STATE","KENTUCKY","21","FRESH MARKET","SALES"," $","30,828","72.0"
2021,"STATE","KENTUCKY","21","FRESH MARKET","SALES"," CWT","62","72.0"
2021,"STATE","LOUISIANA","22",NA,"ACRES HARVESTED",NA,"(D)","(D)"
2021,"STATE","LOUISIANA","22",NA,"OPERATIONS WITH AREA HARVESTED",NA,"2","(H)"
2021,"STATE","LOUISIANA","22",NA,"OPERATIONS WITH SALES",NA,"2","(H)"
2021,"STATE","LOUISIANA","22",NA,"PRODUCTION"," CWT","(D)","(D)"
2021,"STATE","LOUISIANA","22",NA,"SALES"," $","(D)","(D)"
2021,"STATE","LOUISIANA","22",NA,"SALES"," CWT","(D)","(D)"
2021,"STATE","LOUISIANA","22","FRESH MARKET","OPERATIONS WITH SALES",NA,"2","(H)"
2021,"STATE","LOUISIANA","22","FRESH MARKET","SALES"," $","(D)","(D)"
2021,"STATE","LOUISIANA","22","FRESH MARKET","SALES"," CWT","(D)","(D)"
2021,"STATE","MAINE","23",NA,"ACRES HARVESTED",NA,"11","62.4"
2021,"STATE","MAINE","23",NA,"OPERATIONS WITH AREA HARVESTED",NA,"16","38.4"
2021,"STATE","MAINE","23",NA,"OPERATIONS WITH SALES",NA,"16","38.4"
2021,"STATE","MAINE","23",NA,"PRODUCTION"," CWT","504","(H)"
2021,"STATE","MAINE","23",NA,"SALES"," $","174,980","(H)"
2021,"STATE","MAINE","23",NA,"SALES"," CWT","504","(H)"
2021,"STATE","MAINE","23","FRESH MARKET","OPERATIONS WITH SALES",NA,"16","38.4"
2021,"STATE","MAINE","23","FRESH MARKET","SALES"," $","174,980","(H)"
2021,"STATE","MAINE","23","FRESH MARKET","SALES"," CWT","504","(H)"
2021,"STATE","MARYLAND","24",NA,"ACRES HARVESTED",NA,"3","31.6"
2021,"STATE","MARYLAND","24",NA,"OPERATIONS WITH AREA HARVESTED",NA,"17","31.1"
2021,"STATE","MARYLAND","24",NA,"OPERATIONS WITH SALES",NA,"17","31.1"
2021,"STATE","MARYLAND","24",NA,"PRODUCTION"," CWT","127","35.4"
2021,"STATE","MARYLAND","24",NA,"SALES"," $","53,810","42.8"
2021,"STATE","MARYLAND","24",NA,"SALES"," CWT","127","35.4"
2021,"STATE","MARYLAND","24","FRESH MARKET","OPERATIONS WITH SALES",NA,"17","31.1"
2021,"STATE","MARYLAND","24","FRESH MARKET","SALES"," $","(D)","(D)"
2021,"STATE","MARYLAND","24","FRESH MARKET","SALES"," CWT","(D)","(D)"
2021,"STATE","MARYLAND","24","PROCESSING","OPERATIONS WITH SALES",NA,"2","(H)"
2021,"STATE","MARYLAND","24","PROCESSING","SALES"," $","(D)","(D)"
2021,"STATE","MARYLAND","24","PROCESSING","SALES"," CWT","(D)","(D)"
2021,"STATE","MASSACHUSETTS","25",NA,"ACRES HARVESTED",NA,"9","89.6"
2021,"STATE","MASSACHUSETTS","25",NA,"OPERATIONS WITH AREA HARVESTED",NA,"12","79.2"
2021,"STATE","MASSACHUSETTS","25",NA,"OPERATIONS WITH SALES",NA,"12","79.2"
2021,"STATE","MASSACHUSETTS","25",NA,"PRODUCTION"," CWT","251","76.5"
2021,"STATE","MASSACHUSETTS","25",NA,"SALES"," $","94,827","80.1"
2021,"STATE","MASSACHUSETTS","25",NA,"SALES"," CWT","251","76.5"
2021,"STATE","MASSACHUSETTS","25","FRESH MARKET","OPERATIONS WITH SALES",NA,"12","79.2"
2021,"STATE","MASSACHUSETTS","25","FRESH MARKET","SALES"," $","94,827","80.1"
2021,"STATE","MASSACHUSETTS","25","FRESH MARKET","SALES"," CWT","251","76.5"
2021,"STATE","MICHIGAN","26",NA,"ACRES HARVESTED",NA,"15","47.2"
2021,"STATE","MICHIGAN","26",NA,"OPERATIONS WITH AREA HARVESTED",NA,"26","32.5"
2021,"STATE","MICHIGAN","26",NA,"OPERATIONS WITH SALES",NA,"26","32.5"
2021,"STATE","MICHIGAN","26",NA,"PRODUCTION"," CWT","564","43.9"
2021,"STATE","MICHIGAN","26",NA,"SALES"," $","174,011","44.1"
2021,"STATE","MICHIGAN","26",NA,"SALES"," CWT","564","43.9"
2021,"STATE","MICHIGAN","26","FRESH MARKET","OPERATIONS WITH SALES",NA,"26","32.5"
2021,"STATE","MICHIGAN","26","FRESH MARKET","SALES"," $","174,011","44.1"
2021,"STATE","MICHIGAN","26","FRESH MARKET","SALES"," CWT","564","43.9"
2021,"STATE","MINNESOTA","27",NA,"ACRES HARVESTED",NA,"19","45.8"
2021,"STATE","MINNESOTA","27",NA,"OPERATIONS WITH AREA HARVESTED",NA,"21","39.5"
2021,"STATE","MINNESOTA","27",NA,"OPERATIONS WITH SALES",NA,"21","39.5"
2021,"STATE","MINNESOTA","27",NA,"PRODUCTION"," CWT","749","54.0"
2021,"STATE","MINNESOTA","27",NA,"SALES"," $","418,914","62.4"
2021,"STATE","MINNESOTA","27",NA,"SALES"," CWT","749","54.0"
2021,"STATE","MINNESOTA","27","FRESH MARKET","OPERATIONS WITH SALES",NA,"18","43.6"
2021,"STATE","MINNESOTA","27","FRESH MARKET","SALES"," $","(D)","(D)"
2021,"STATE","MINNESOTA","27","FRESH MARKET","SALES"," CWT","659","62.9"
2021,"STATE","MINNESOTA","27","PROCESSING","OPERATIONS WITH SALES",NA,"3","95.4"
2021,"STATE","MINNESOTA","27","PROCESSING","SALES"," $","(D)","(D)"
2021,"STATE","MINNESOTA","27","PROCESSING","SALES"," CWT","90","95.4"
2021,"STATE","MONTANA","30",NA,"ACRES HARVESTED",NA,"5","71.5"
2021,"STATE","MONTANA","30",NA,"OPERATIONS WITH AREA HARVESTED",NA,"11","43.6"
2021,"STATE","MONTANA","30",NA,"OPERATIONS WITH SALES",NA,"11","43.6"
2021,"STATE","MONTANA","30",NA,"PRODUCTION"," CWT","96","73.5"
2021,"STATE","MONTANA","30",NA,"SALES"," $","80,886","74.8"
2021,"STATE","MONTANA","30",NA,"SALES"," CWT","96","73.5"
2021,"STATE","MONTANA","30","FRESH MARKET","OPERATIONS WITH SALES",NA,"11","43.6"
2021,"STATE","MONTANA","30","FRESH MARKET","SALES"," $","80,886","74.8"
2021,"STATE","MONTANA","30","FRESH MARKET","SALES"," CWT","96","73.5"
2021,"STATE","NEBRASKA","31",NA,"ACRES HARVESTED",NA,"(D)","(D)"
2021,"STATE","NEBRASKA","31",NA,"OPERATIONS WITH AREA HARVESTED",NA,"1","(H)"
2021,"STATE","NEBRASKA","31",NA,"OPERATIONS WITH SALES",NA,"1","(H)"
2021,"STATE","NEBRASKA","31",NA,"PRODUCTION"," CWT","(D)","(D)"
2021,"STATE","NEBRASKA","31",NA,"SALES"," $","(D)","(D)"
2021,"STATE","NEBRASKA","31",NA,"SALES"," CWT","(D)","(D)"
2021,"STATE","NEBRASKA","31","FRESH MARKET","OPERATIONS WITH SALES",NA,"1","(H)"
2021,"STATE","NEBRASKA","31","FRESH MARKET","SALES"," $","(D)","(D)"
2021,"STATE","NEBRASKA","31","FRESH MARKET","SALES"," CWT","(D)","(D)"
2021,"STATE","NEW HAMPSHIRE","33",NA,"ACRES HARVESTED",NA,"6","(H)"
2021,"STATE","NEW HAMPSHIRE","33",NA,"OPERATIONS WITH AREA HARVESTED",NA,"9","58.7"
2021,"STATE","NEW HAMPSHIRE","33",NA,"OPERATIONS WITH SALES",NA,"9","58.7"
2021,"STATE","NEW HAMPSHIRE","33",NA,"PRODUCTION"," CWT","132","(H)"
2021,"STATE","NEW HAMPSHIRE","33",NA,"SALES"," $","52,665","(H)"
2021,"STATE","NEW HAMPSHIRE","33",NA,"SALES"," CWT","132","(H)"
2021,"STATE","NEW HAMPSHIRE","33","FRESH MARKET","OPERATIONS WITH SALES",NA,"9","58.7"
2021,"STATE","NEW HAMPSHIRE","33","FRESH MARKET","SALES"," $","52,665","(H)"
2021,"STATE","NEW HAMPSHIRE","33","FRESH MARKET","SALES"," CWT","132","(H)"
2021,"STATE","NEW JERSEY","34",NA,"ACRES HARVESTED",NA,"(D)","(D)"
2021,"STATE","NEW JERSEY","34",NA,"OPERATIONS WITH AREA HARVESTED",NA,"3","(H)"
2021,"STATE","NEW JERSEY","34",NA,"OPERATIONS WITH SALES",NA,"3","(H)"
2021,"STATE","NEW JERSEY","34",NA,"PRODUCTION"," CWT","(D)","(D)"
2021,"STATE","NEW JERSEY","34",NA,"SALES"," $","28,166","(H)"
2021,"STATE","NEW JERSEY","34",NA,"SALES"," CWT","(D)","(D)"
2021,"STATE","NEW JERSEY","34","FRESH MARKET","OPERATIONS WITH SALES",NA,"3","(H)"
2021,"STATE","NEW JERSEY","34","FRESH MARKET","SALES"," $","28,166","(H)"
2021,"STATE","NEW JERSEY","34","FRESH MARKET","SALES"," CWT","(D)","(D)"
2021,"STATE","NEW YORK","36",NA,"ACRES HARVESTED",NA,"38","42.2"
2021,"STATE","NEW YORK","36",NA,"OPERATIONS WITH AREA HARVESTED",NA,"45","26.4"
2021,"STATE","NEW YORK","36",NA,"OPERATIONS WITH SALES",NA,"45","26.4"
2021,"STATE","NEW YORK","36",NA,"PRODUCTION"," CWT","1,755","32.6"
2021,"STATE","NEW YORK","36",NA,"SALES"," $","633,111","44.5"
2021,"STATE","NEW YORK","36",NA,"SALES"," CWT","1,755","32.6"
2021,"STATE","NEW YORK","36","FRESH MARKET","OPERATIONS WITH SALES",NA,"43","25.3"
2021,"STATE","NEW YORK","36","FRESH MARKET","SALES"," $","(D)","(D)"
2021,"STATE","NEW YORK","36","FRESH MARKET","SALES"," CWT","(D)","(D)"
2021,"STATE","NEW YORK","36","PROCESSING","OPERATIONS WITH SALES",NA,"2","94.9"
2021,"STATE","NEW YORK","36","PROCESSING","SALES"," $","(D)","(D)"
2021,"STATE","NEW YORK","36","PROCESSING","SALES"," CWT","(D)","(D)"
2021,"STATE","NORTH CAROLINA","37",NA,"ACRES HARVESTED",NA,"6","76.7"
2021,"STATE","NORTH CAROLINA","37",NA,"OPERATIONS WITH AREA HARVESTED",NA,"4","68.3"
2021,"STATE","NORTH CAROLINA","37",NA,"OPERATIONS WITH SALES",NA,"4","68.3"
2021,"STATE","NORTH CAROLINA","37",NA,"PRODUCTION"," CWT","734","89.2"
2021,"STATE","NORTH CAROLINA","37",NA,"SALES"," $","190,000","(H)"
2021,"STATE","NORTH CAROLINA","37",NA,"SALES"," CWT","734","89.2"
2021,"STATE","NORTH CAROLINA","37","FRESH MARKET","OPERATIONS WITH SALES",NA,"4","68.3"
2021,"STATE","NORTH CAROLINA","37","FRESH MARKET","SALES"," $","190,000","(H)"
2021,"STATE","NORTH CAROLINA","37","FRESH MARKET","SALES"," CWT","734","89.2"
2021,"STATE","OHIO","39",NA,"ACRES HARVESTED",NA,"10","67.5"
2021,"STATE","OHIO","39",NA,"OPERATIONS WITH AREA HARVESTED",NA,"9","72.1"
2021,"STATE","OHIO","39",NA,"OPERATIONS WITH SALES",NA,"9","72.1"
2021,"STATE","OHIO","39",NA,"PRODUCTION"," CWT","360","68.4"
2021,"STATE","OHIO","39",NA,"SALES"," $","106,638","69.2"
2021,"STATE","OHIO","39",NA,"SALES"," CWT","360","68.4"
2021,"STATE","OHIO","39","FRESH MARKET","OPERATIONS WITH SALES",NA,"9","72.1"
2021,"STATE","OHIO","39","FRESH MARKET","SALES"," $","106,638","69.2"
2021,"STATE","OHIO","39","FRESH MARKET","SALES"," CWT","360","68.4"
2021,"STATE","OKLAHOMA","40",NA,"ACRES HARVESTED",NA,"(D)","(D)"
2021,"STATE","OKLAHOMA","40",NA,"OPERATIONS WITH AREA HARVESTED",NA,"4","70.4"
2021,"STATE","OKLAHOMA","40",NA,"OPERATIONS WITH SALES",NA,"4","70.4"
2021,"STATE","OKLAHOMA","40",NA,"PRODUCTION"," CWT","1,858","69.9"
2021,"STATE","OKLAHOMA","40",NA,"SALES"," $","(D)","(D)"
2021,"STATE","OKLAHOMA","40",NA,"SALES"," CWT","1,858","69.9"
2021,"STATE","OKLAHOMA","40","FRESH MARKET","OPERATIONS WITH SALES",NA,"4","70.4"
2021,"STATE","OKLAHOMA","40","FRESH MARKET","SALES"," $","(D)","(D)"
2021,"STATE","OKLAHOMA","40","FRESH MARKET","SALES"," CWT","1,858","69.9"
2021,"STATE","OREGON","41",NA,"ACRES HARVESTED",NA,"27","(H)"
2021,"STATE","OREGON","41",NA,"OPERATIONS WITH AREA HARVESTED",NA,"26","54.2"
2021,"STATE","OREGON","41",NA,"OPERATIONS WITH SALES",NA,"26","54.2"
2021,"STATE","OREGON","41",NA,"PRODUCTION"," CWT","1,362","84.2"
2021,"STATE","OREGON","41",NA,"SALES"," $","895,054","(H)"
2021,"STATE","OREGON","41",NA,"SALES"," CWT","1,362","84.2"
2021,"STATE","OREGON","41","FRESH MARKET","OPERATIONS WITH SALES",NA,"26","54.2"
2021,"STATE","OREGON","41","FRESH MARKET","SALES"," $","895,054","(H)"
2021,"STATE","OREGON","41","FRESH MARKET","SALES"," CWT","1,362","84.2"
2021,"STATE","PENNSYLVANIA","42",NA,"ACRES HARVESTED",NA,"8","45.7"
2021,"STATE","PENNSYLVANIA","42",NA,"OPERATIONS WITH AREA HARVESTED",NA,"27","48.1"
2021,"STATE","PENNSYLVANIA","42",NA,"OPERATIONS WITH SALES",NA,"27","48.1"
2021,"STATE","PENNSYLVANIA","42",NA,"PRODUCTION"," CWT","522","49.0"
2021,"STATE","PENNSYLVANIA","42",NA,"SALES"," $","148,898","43.7"
2021,"STATE","PENNSYLVANIA","42",NA,"SALES"," CWT","522","49.0"
2021,"STATE","PENNSYLVANIA","42","FRESH MARKET","OPERATIONS WITH SALES",NA,"27","48.1"
2021,"STATE","PENNSYLVANIA","42","FRESH MARKET","SALES"," $","148,898","43.7"
2021,"STATE","PENNSYLVANIA","42","FRESH MARKET","SALES"," CWT","522","49.0"
2021,"STATE","RHODE ISLAND","44",NA,"ACRES HARVESTED",NA,"(D)","(D)"
2021,"STATE","RHODE ISLAND","44",NA,"OPERATIONS WITH AREA HARVESTED",NA,"2","(H)"
2021,"STATE","RHODE ISLAND","44",NA,"OPERATIONS WITH SALES",NA,"2","(H)"
2021,"STATE","RHODE ISLAND","44",NA,"PRODUCTION"," CWT","(D)","(D)"
2021,"STATE","RHODE ISLAND","44",NA,"SALES"," $","(D)","(D)"
2021,"STATE","RHODE ISLAND","44",NA,"SALES"," CWT","(D)","(D)"
2021,"STATE","RHODE ISLAND","44","FRESH MARKET","OPERATIONS WITH SALES",NA,"2","(H)"
2021,"STATE","RHODE ISLAND","44","FRESH MARKET","SALES"," $","(D)","(D)"
2021,"STATE","RHODE ISLAND","44","FRESH MARKET","SALES"," CWT","(D)","(D)"
2021,"STATE","SOUTH CAROLINA","45",NA,"ACRES HARVESTED",NA,"(D)","(D)"
2021,"STATE","SOUTH CAROLINA","45",NA,"OPERATIONS WITH AREA HARVESTED",NA,"2","(H)"
2021,"STATE","SOUTH CAROLINA","45",NA,"OPERATIONS WITH SALES",NA,"2","(H)"
2021,"STATE","SOUTH CAROLINA","45",NA,"PRODUCTION"," CWT","(D)","(D)"
2021,"STATE","SOUTH CAROLINA","45",NA,"SALES"," $","(D)","(D)"
2021,"STATE","SOUTH CAROLINA","45",NA,"SALES"," CWT","(D)","(D)"
2021,"STATE","SOUTH CAROLINA","45","FRESH MARKET","OPERATIONS WITH SALES",NA,"2","(H)"
2021,"STATE","SOUTH CAROLINA","45","FRESH MARKET","SALES"," $","(D)","(D)"
2021,"STATE","SOUTH CAROLINA","45","FRESH MARKET","SALES"," CWT","(D)","(D)"
2021,"STATE","SOUTH DAKOTA","46",NA,"ACRES HARVESTED",NA,"(D)","(D)"
2021,"STATE","SOUTH DAKOTA","46",NA,"OPERATIONS WITH AREA HARVESTED",NA,"1","(H)"
2021,"STATE","SOUTH DAKOTA","46",NA,"OPERATIONS WITH SALES",NA,"1","(H)"
2021,"STATE","SOUTH DAKOTA","46",NA,"PRODUCTION"," CWT","(D)","(D)"
2021,"STATE","SOUTH DAKOTA","46",NA,"SALES"," $","(D)","(D)"
2021,"STATE","SOUTH DAKOTA","46",NA,"SALES"," CWT","(D)","(D)"
2021,"STATE","SOUTH DAKOTA","46","FRESH MARKET","OPERATIONS WITH SALES",NA,"1","(H)"
2021,"STATE","SOUTH DAKOTA","46","FRESH MARKET","SALES"," $","(D)","(D)"
2021,"STATE","SOUTH DAKOTA","46","FRESH MARKET","SALES"," CWT","(D)","(D)"
2021,"STATE","TENNESSEE","47",NA,"ACRES HARVESTED",NA,"(D)","(D)"
2021,"STATE","TENNESSEE","47",NA,"OPERATIONS WITH AREA HARVESTED",NA,"1","(H)"
2021,"STATE","TENNESSEE","47",NA,"OPERATIONS WITH SALES",NA,"1","(H)"
2021,"STATE","TENNESSEE","47",NA,"PRODUCTION"," CWT","(D)","(D)"
2021,"STATE","TENNESSEE","47",NA,"SALES"," $","(D)","(D)"
2021,"STATE","TENNESSEE","47",NA,"SALES"," CWT","(D)","(D)"
2021,"STATE","TENNESSEE","47","FRESH MARKET","OPERATIONS WITH SALES",NA,"1","(H)"
2021,"STATE","TENNESSEE","47","FRESH MARKET","SALES"," $","(D)","(D)"
2021,"STATE","TENNESSEE","47","FRESH MARKET","SALES"," CWT","(D)","(D)"
2021,"STATE","VERMONT","50",NA,"ACRES HARVESTED",NA,"33","43.3"
2021,"STATE","VERMONT","50",NA,"OPERATIONS WITH AREA HARVESTED",NA,"31","38.8"
2021,"STATE","VERMONT","50",NA,"OPERATIONS WITH SALES",NA,"31","38.8"
2021,"STATE","VERMONT","50",NA,"PRODUCTION"," CWT","1,202","39.1"
2021,"STATE","VERMONT","50",NA,"SALES"," $","480,304","49.7"
2021,"STATE","VERMONT","50",NA,"SALES"," CWT","1,202","39.1"
2021,"STATE","VERMONT","50","FRESH MARKET","OPERATIONS WITH SALES",NA,"31","38.8"
2021,"STATE","VERMONT","50","FRESH MARKET","SALES"," $","480,304","49.7"
2021,"STATE","VERMONT","50","FRESH MARKET","SALES"," CWT","1,202","39.1"
2021,"STATE","WASHINGTON","53",NA,"ACRES HARVESTED",NA,"40","41.1"
2021,"STATE","WASHINGTON","53",NA,"OPERATIONS WITH AREA HARVESTED",NA,"49","25.1"
2021,"STATE","WASHINGTON","53",NA,"OPERATIONS WITH SALES",NA,"49","25.1"
2021,"STATE","WASHINGTON","53",NA,"PRODUCTION"," CWT","1,579","53.4"
2021,"STATE","WASHINGTON","53",NA,"SALES"," $","870,017","54.0"
2021,"STATE","WASHINGTON","53",NA,"SALES"," CWT","1,579","53.4"
2021,"STATE","WASHINGTON","53","FRESH MARKET","OPERATIONS WITH SALES",NA,"49","25.1"
2021,"STATE","WASHINGTON","53","FRESH MARKET","SALES"," $","863,231","53.8"
2021,"STATE","WASHINGTON","53","FRESH MARKET","SALES"," CWT","1,499","54.0"
2021,"STATE","WASHINGTON","53","PROCESSING","OPERATIONS WITH SALES",NA,"4","73.0"
2021,"STATE","WASHINGTON","53","PROCESSING","SALES"," $","6,786","93.9"
2021,"STATE","WASHINGTON","53","PROCESSING","SALES"," CWT","80","82.3"
2021,"STATE","WEST VIRGINIA","54",NA,"ACRES HARVESTED",NA,"(D)","(D)"
2021,"STATE","WEST VIRGINIA","54",NA,"OPERATIONS WITH AREA HARVESTED",NA,"2","(H)"
2021,"STATE","WEST VIRGINIA","54",NA,"OPERATIONS WITH SALES",NA,"2","(H)"
2021,"STATE","WEST VIRGINIA","54",NA,"PRODUCTION"," CWT","(D)","(D)"
2021,"STATE","WEST VIRGINIA","54",NA,"SALES"," $","(D)","(D)"
2021,"STATE","WEST VIRGINIA","54",NA,"SALES"," CWT","(D)","(D)"
2021,"STATE","WEST VIRGINIA","54","FRESH MARKET","OPERATIONS WITH SALES",NA,"2","(H)"
2021,"STATE","WEST VIRGINIA","54","FRESH MARKET","SALES"," $","(D)","(D)"
2021,"STATE","WEST VIRGINIA","54","FRESH MARKET","SALES"," CWT","(D)","(D)"
2021,"STATE","WISCONSIN","55",NA,"ACRES HARVESTED",NA,"19","73.6"
2021,"STATE","WISCONSIN","55",NA,"OPERATIONS WITH AREA HARVESTED",NA,"28","31.3"
2021,"STATE","WISCONSIN","55",NA,"OPERATIONS WITH SALES",NA,"28","31.3"
2021,"STATE","WISCONSIN","55",NA,"PRODUCTION"," CWT","426","82.8"
2021,"STATE","WISCONSIN","55",NA,"SALES"," $","128,120","76.4"
2021,"STATE","WISCONSIN","55",NA,"SALES"," CWT","426","82.8"
2021,"STATE","WISCONSIN","55","FRESH MARKET","OPERATIONS WITH SALES",NA,"28","31.3"
2021,"STATE","WISCONSIN","55","FRESH MARKET","SALES"," $","128,120","76.4"
2021,"STATE","WISCONSIN","55","FRESH MARKET","SALES"," CWT","426","82.8"
2019,"NATIONAL","US TOTAL",NA,NA,"ACRES HARVESTED",NA,"5,158","22.4"
2019,"NATIONAL","US TOTAL",NA,NA,"OPERATIONS WITH AREA HARVESTED",NA,"580","2.7"
2019,"NATIONAL","US TOTAL",NA,NA,"OPERATIONS WITH SALES",NA,"580","2.7"
2019,"NATIONAL","US TOTAL",NA,NA,"PRODUCTION"," CWT","1,461,988","28.5"
2019,"NATIONAL","US TOTAL",NA,NA,"SALES"," $","320,793,584","30.4"
2019,"NATIONAL","US TOTAL",NA,NA,"SALES"," CWT","1,461,266","28.5"
2019,"NATIONAL","US TOTAL",NA,"FRESH MARKET","OPERATIONS WITH SALES",NA,"568","2.8"
2019,"NATIONAL","US TOTAL",NA,"FRESH MARKET","SALES"," $","294,996,931","33.0"
2019,"NATIONAL","US TOTAL",NA,"FRESH MARKET","SALES"," CWT","1,250,324","31.8"
2019,"NATIONAL","US TOTAL",NA,"PROCESSING","OPERATIONS WITH SALES",NA,"30","34.8"
2019,"NATIONAL","US TOTAL",NA,"PROCESSING","SALES"," $","25,796,653","67.1"
2019,"NATIONAL","US TOTAL",NA,"PROCESSING","SALES"," CWT","210,942","48.8"
2019,"STATE","ALABAMA","01",NA,"ACRES HARVESTED",NA,"(D)","(D)"
2019,"STATE","ALABAMA","01",NA,"OPERATIONS WITH AREA HARVESTED",NA,"2","30.4"
2019,"STATE","ALABAMA","01",NA,"OPERATIONS WITH SALES",NA,"2","30.4"
2019,"STATE","ALABAMA","01",NA,"PRODUCTION"," CWT","(D)","(D)"
2019,"STATE","ALABAMA","01",NA,"SALES"," $","(D)","(D)"
2019,"STATE","ALABAMA","01",NA,"SALES"," CWT","(D)","(D)"
2019,"STATE","ALABAMA","01","FRESH MARKET","OPERATIONS WITH SALES",NA,"2","30.4"
2019,"STATE","ALABAMA","01","FRESH MARKET","SALES"," $","(D)","(D)"
2019,"STATE","ALABAMA","01","FRESH MARKET","SALES"," CWT","(D)","(D)"
2019,"STATE","ALABAMA","01","PROCESSING","OPERATIONS WITH SALES",NA,"2","(H)"
2019,"STATE","ALABAMA","01","PROCESSING","SALES"," $","(D)","(D)"
2019,"STATE","ALABAMA","01","PROCESSING","SALES"," CWT","(D)","(D)"
2019,"STATE","ARIZONA","04",NA,"ACRES HARVESTED",NA,"(D)","(D)"
2019,"STATE","ARIZONA","04",NA,"OPERATIONS WITH AREA HARVESTED",NA,"2","(H)"
2019,"STATE","ARIZONA","04",NA,"OPERATIONS WITH SALES",NA,"2","(H)"
2019,"STATE","ARIZONA","04",NA,"PRODUCTION"," CWT","(D)","(D)"
2019,"STATE","ARIZONA","04",NA,"SALES"," $","(D)","(D)"
2019,"STATE","ARIZONA","04",NA,"SALES"," CWT","(D)","(D)"
2019,"STATE","ARIZONA","04","FRESH MARKET","OPERATIONS WITH SALES",NA,"2","(H)"
2019,"STATE","ARIZONA","04","FRESH MARKET","SALES"," $","(D)","(D)"
2019,"STATE","ARIZONA","04","FRESH MARKET","SALES"," CWT","(D)","(D)"
2019,"STATE","CALIFORNIA","06",NA,"ACRES HARVESTED",NA,"4,022","28.7"
2019,"STATE","CALIFORNIA","06",NA,"OPERATIONS WITH AREA HARVESTED",NA,"174","8.0"
2019,"STATE","CALIFORNIA","06",NA,"OPERATIONS WITH SALES",NA,"174","8.0"
2019,"STATE","CALIFORNIA","06",NA,"PRODUCTION"," CWT","1,384,735","30.4"
2019,"STATE","CALIFORNIA","06",NA,"SALES"," $","300,277,717","33.1"
2019,"STATE","CALIFORNIA","06",NA,"SALES"," CWT","1,384,016","30.4"
2019,"STATE","CALIFORNIA","06","FRESH MARKET","OPERATIONS WITH SALES",NA,"170","8.0"
2019,"STATE","CALIFORNIA","06","FRESH MARKET","SALES"," $","275,716,713","35.5"
2019,"STATE","CALIFORNIA","06","FRESH MARKET","SALES"," CWT","1,177,214","33.7"
2019,"STATE","CALIFORNIA","06","PROCESSING","OPERATIONS WITH SALES",NA,"15","39.7"
2019,"STATE","CALIFORNIA","06","PROCESSING","SALES"," $","24,561,004","68.3"
2019,"STATE","CALIFORNIA","06","PROCESSING","SALES"," CWT","206,802","49.3"
2019,"STATE","COLORADO","08",NA,"ACRES HARVESTED",NA,"1","45.6"
2019,"STATE","COLORADO","08",NA,"OPERATIONS WITH AREA HARVESTED",NA,"4","47.2"
2019,"STATE","COLORADO","08",NA,"OPERATIONS WITH SALES",NA,"4","47.2"
2019,"STATE","COLORADO","08",NA,"PRODUCTION"," CWT","62","52.1"
2019,"STATE","COLORADO","08",NA,"SALES"," $","31,000","59.1"
2019,"STATE","COLORADO","08",NA,"SALES"," CWT","62","52.1"
2019,"STATE","COLORADO","08","FRESH MARKET","OPERATIONS WITH SALES",NA,"4","47.2"
2019,"STATE","COLORADO","08","FRESH MARKET","SALES"," $","31,000","59.1"
2019,"STATE","COLORADO","08","FRESH MARKET","SALES"," CWT","62","52.1"
2019,"STATE","CONNECTICUT","09",NA,"ACRES HARVESTED",NA,"4","36.7"
2019,"STATE","CONNECTICUT","09",NA,"OPERATIONS WITH AREA HARVESTED",NA,"11","15.7"
2019,"STATE","CONNECTICUT","09",NA,"OPERATIONS WITH SALES",NA,"11","15.7"
2019,"STATE","CONNECTICUT","09",NA,"PRODUCTION"," CWT","181","33.3"
2019,"STATE","CONNECTICUT","09",NA,"SALES"," $","32,164","35.4"
2019,"STATE","CONNECTICUT","09",NA,"SALES"," CWT","177","33.4"
2019,"STATE","CONNECTICUT","09","FRESH MARKET","OPERATIONS WITH SALES",NA,"11","15.7"
2019,"STATE","CONNECTICUT","09","FRESH MARKET","SALES"," $","32,164","36.0"
2019,"STATE","CONNECTICUT","09","FRESH MARKET","SALES"," CWT","177","33.8"
2019,"STATE","FLORIDA","12",NA,"ACRES HARVESTED",NA,"680","79.0"
2019,"STATE","FLORIDA","12",NA,"OPERATIONS WITH AREA HARVESTED",NA,"14","30.4"
2019,"STATE","FLORIDA","12",NA,"OPERATIONS WITH SALES",NA,"14","30.4"
2019,"STATE","FLORIDA","12",NA,"PRODUCTION"," CWT","59,905","76.3"
2019,"STATE","FLORIDA","12",NA,"SALES"," $","15,055,709","83.4"
2019,"STATE","FLORIDA","12",NA,"SALES"," CWT","59,905","76.3"
2019,"STATE","FLORIDA","12","FRESH MARKET","OPERATIONS WITH SALES",NA,"14","30.4"
2019,"STATE","FLORIDA","12","FRESH MARKET","SALES"," $","15,055,709","83.4"
2019,"STATE","FLORIDA","12","FRESH MARKET","SALES"," CWT","59,905","76.3"
2019,"STATE","GEORGIA","13",NA,"ACRES HARVESTED",NA,"(D)","(D)"
2019,"STATE","GEORGIA","13",NA,"OPERATIONS WITH AREA HARVESTED",NA,"8","30.4"
2019,"STATE","GEORGIA","13",NA,"OPERATIONS WITH SALES",NA,"8","30.4"
2019,"STATE","GEORGIA","13",NA,"PRODUCTION"," CWT","1,309","76.3"
2019,"STATE","GEORGIA","13",NA,"SALES"," $","(D)","(D)"
2019,"STATE","GEORGIA","13",NA,"SALES"," CWT","1,309","76.3"
2019,"STATE","GEORGIA","13","FRESH MARKET","OPERATIONS WITH SALES",NA,"8","30.4"
2019,"STATE","GEORGIA","13","FRESH MARKET","SALES"," $","(D)","(D)"
2019,"STATE","GEORGIA","13","FRESH MARKET","SALES"," CWT","1,309","76.3"
2019,"STATE","IDAHO","16",NA,"ACRES HARVESTED",NA,"4","(H)"
2019,"STATE","IDAHO","16",NA,"OPERATIONS WITH AREA HARVESTED",NA,"6","42.5"
2019,"STATE","IDAHO","16",NA,"OPERATIONS WITH SALES",NA,"6","42.5"
2019,"STATE","IDAHO","16",NA,"PRODUCTION"," CWT","100","(H)"
2019,"STATE","IDAHO","16",NA,"SALES"," $","26,380","(H)"
2019,"STATE","IDAHO","16",NA,"SALES"," CWT","100","(H)"
2019,"STATE","IDAHO","16","FRESH MARKET","OPERATIONS WITH SALES",NA,"6","39.8"
2019,"STATE","IDAHO","16","FRESH MARKET","SALES"," $","26,380","59.6"
2019,"STATE","IDAHO","16","FRESH MARKET","SALES"," CWT","100","38.9"
2019,"STATE","ILLINOIS","17",NA,"ACRES HARVESTED",NA,"(D)","(D)"
2019,"STATE","ILLINOIS","17",NA,"OPERATIONS WITH AREA HARVESTED",NA,"2","24.6"
2019,"STATE","ILLINOIS","17",NA,"OPERATIONS WITH SALES",NA,"2","24.6"
2019,"STATE","ILLINOIS","17",NA,"PRODUCTION"," CWT","(D)","(D)"
2019,"STATE","ILLINOIS","17",NA,"SALES"," $","(D)","(D)"
2019,"STATE","ILLINOIS","17",NA,"SALES"," CWT","(D)","(D)"
2019,"STATE","ILLINOIS","17","FRESH MARKET","OPERATIONS WITH SALES",NA,"2","24.6"
2019,"STATE","ILLINOIS","17","FRESH MARKET","SALES"," $","(D)","(D)"
2019,"STATE","ILLINOIS","17","FRESH MARKET","SALES"," CWT","(D)","(D)"
2019,"STATE","INDIANA","18",NA,"ACRES HARVESTED",NA,"11","61.3"
2019,"STATE","INDIANA","18",NA,"OPERATIONS WITH AREA HARVESTED",NA,"5","24.6"
2019,"STATE","INDIANA","18",NA,"OPERATIONS WITH SALES",NA,"5","24.6"
2019,"STATE","INDIANA","18",NA,"PRODUCTION"," CWT","288","56.2"
2019,"STATE","INDIANA","18",NA,"SALES"," $","128,882","59.9"
2019,"STATE","INDIANA","18",NA,"SALES"," CWT","288","56.2"
2019,"STATE","INDIANA","18","FRESH MARKET","OPERATIONS WITH SALES",NA,"5","24.6"
2019,"STATE","INDIANA","18","FRESH MARKET","SALES"," $","128,882","59.9"
2019,"STATE","INDIANA","18","FRESH MARKET","SALES"," CWT","288","56.2"
2019,"STATE","IOWA","19",NA,"ACRES HARVESTED",NA,"(D)","(D)"
2019,"STATE","IOWA","19",NA,"OPERATIONS WITH AREA HARVESTED",NA,"8","38.0"
2019,"STATE","IOWA","19",NA,"OPERATIONS WITH SALES",NA,"8","38.0"
2019,"STATE","IOWA","19",NA,"PRODUCTION"," CWT","70","59.2"
2019,"STATE","IOWA","19",NA,"SALES"," $","32,295","66.6"
2019,"STATE","IOWA","19",NA,"SALES"," CWT","70","59.2"
2019,"STATE","IOWA","19","FRESH MARKET","OPERATIONS WITH SALES",NA,"8","38.0"
2019,"STATE","IOWA","19","FRESH MARKET","SALES"," $","32,295","66.6"
2019,"STATE","IOWA","19","FRESH MARKET","SALES"," CWT","70","59.2"
2019,"STATE","KANSAS","20",NA,"ACRES HARVESTED",NA,"(D)","(D)"
2019,"STATE","KANSAS","20",NA,"OPERATIONS WITH AREA HARVESTED",NA,"1","69.8"
2019,"STATE","KANSAS","20",NA,"OPERATIONS WITH SALES",NA,"1","69.8"
2019,"STATE","KANSAS","20",NA,"PRODUCTION"," CWT","(D)","(D)"
2019,"STATE","KANSAS","20",NA,"SALES"," $","(D)","(D)"
2019,"STATE","KANSAS","20",NA,"SALES"," CWT","(D)","(D)"
2019,"STATE","KANSAS","20","FRESH MARKET","OPERATIONS WITH SALES",NA,"1","69.8"
2019,"STATE","KANSAS","20","FRESH MARKET","SALES"," $","(D)","(D)"
2019,"STATE","KANSAS","20","FRESH MARKET","SALES"," CWT","(D)","(D)"
2019,"STATE","KENTUCKY","21",NA,"ACRES HARVESTED",NA,"1","94.6"
2019,"STATE","KENTUCKY","21",NA,"OPERATIONS WITH AREA HARVESTED",NA,"4","43.9"
2019,"STATE","KENTUCKY","21",NA,"OPERATIONS WITH SALES",NA,"4","43.9"
2019,"STATE","KENTUCKY","21",NA,"PRODUCTION"," CWT","40","94.1"
2019,"STATE","KENTUCKY","21",NA,"SALES"," $","12,387","75.2"
2019,"STATE","KENTUCKY","21",NA,"SALES"," CWT","40","94.1"
2019,"STATE","KENTUCKY","21","FRESH MARKET","OPERATIONS WITH SALES",NA,"4","43.9"
2019,"STATE","KENTUCKY","21","FRESH MARKET","SALES"," $","12,387","75.2"
2019,"STATE","KENTUCKY","21","FRESH MARKET","SALES"," CWT","40","94.1"
2019,"STATE","LOUISIANA","22",NA,"ACRES HARVESTED",NA,"(D)","(D)"
2019,"STATE","LOUISIANA","22",NA,"OPERATIONS WITH AREA HARVESTED",NA,"1","30.4"
2019,"STATE","LOUISIANA","22",NA,"OPERATIONS WITH SALES",NA,"1","30.4"
2019,"STATE","LOUISIANA","22",NA,"PRODUCTION"," CWT","(D)","(D)"
2019,"STATE","LOUISIANA","22",NA,"SALES"," $","(D)","(D)"
2019,"STATE","LOUISIANA","22",NA,"SALES"," CWT","(D)","(D)"
2019,"STATE","LOUISIANA","22","FRESH MARKET","OPERATIONS WITH SALES",NA,"1","30.4"
2019,"STATE","LOUISIANA","22","FRESH MARKET","SALES"," $","(D)","(D)"
2019,"STATE","LOUISIANA","22","FRESH MARKET","SALES"," CWT","(D)","(D)"
2019,"STATE","MAINE","23",NA,"ACRES HARVESTED",NA,"5","36.7"
2019,"STATE","MAINE","23",NA,"OPERATIONS WITH AREA HARVESTED",NA,"19","15.7"
2019,"STATE","MAINE","23",NA,"OPERATIONS WITH SALES",NA,"19","15.7"
2019,"STATE","MAINE","23",NA,"PRODUCTION"," CWT","168","33.3"
2019,"STATE","MAINE","23",NA,"SALES"," $","62,472","35.4"
2019,"STATE","MAINE","23",NA,"SALES"," CWT","168","33.4"
2019,"STATE","MAINE","23","FRESH MARKET","OPERATIONS WITH SALES",NA,"19","15.7"
2019,"STATE","MAINE","23","FRESH MARKET","SALES"," $","62,472","36.0"
2019,"STATE","MAINE","23","FRESH MARKET","SALES"," CWT","168","33.8"
2019,"STATE","MARYLAND","24",NA,"ACRES HARVESTED",NA,"4","36.7"
2019,"STATE","MARYLAND","24",NA,"OPERATIONS WITH AREA HARVESTED",NA,"13","15.7"
2019,"STATE","MARYLAND","24",NA,"OPERATIONS WITH SALES",NA,"13","15.7"
2019,"STATE","MARYLAND","24",NA,"PRODUCTION"," CWT","158","33.3"
2019,"STATE","MARYLAND","24",NA,"SALES"," $","50,234","35.4"
2019,"STATE","MARYLAND","24",NA,"SALES"," CWT","158","33.4"
2019,"STATE","MARYLAND","24","FRESH MARKET","OPERATIONS WITH SALES",NA,"13","15.7"
2019,"STATE","MARYLAND","24","FRESH MARKET","SALES"," $","(D)","(D)"
2019,"STATE","MARYLAND","24","FRESH MARKET","SALES"," CWT","(D)","(D)"
2019,"STATE","MARYLAND","24","PROCESSING","OPERATIONS WITH SALES",NA,"2","(H)"
2019,"STATE","MARYLAND","24","PROCESSING","SALES"," $","(D)","(D)"
2019,"STATE","MARYLAND","24","PROCESSING","SALES"," CWT","(D)","(D)"
2019,"STATE","MASSACHUSETTS","25",NA,"ACRES HARVESTED",NA,"14","36.7"
2019,"STATE","MASSACHUSETTS","25",NA,"OPERATIONS WITH AREA HARVESTED",NA,"14","15.7"
2019,"STATE","MASSACHUSETTS","25",NA,"OPERATIONS WITH SALES",NA,"14","15.7"
2019,"STATE","MASSACHUSETTS","25",NA,"PRODUCTION"," CWT","485","33.3"
2019,"STATE","MASSACHUSETTS","25",NA,"SALES"," $","144,129","35.4"
2019,"STATE","MASSACHUSETTS","25",NA,"SALES"," CWT","485","33.4"
2019,"STATE","MASSACHUSETTS","25","FRESH MARKET","OPERATIONS WITH SALES",NA,"14","15.7"
2019,"STATE","MASSACHUSETTS","25","FRESH MARKET","SALES"," $","144,129","36.0"
2019,"STATE","MASSACHUSETTS","25","FRESH MARKET","SALES"," CWT","485","33.8"
2019,"STATE","MICHIGAN","26",NA,"ACRES HARVESTED",NA,"11","61.3"
2019,"STATE","MICHIGAN","26",NA,"OPERATIONS WITH AREA HARVESTED",NA,"30","24.6"
2019,"STATE","MICHIGAN","26",NA,"OPERATIONS WITH SALES",NA,"30","24.6"
2019,"STATE","MICHIGAN","26",NA,"PRODUCTION"," CWT","435","56.2"
2019,"STATE","MICHIGAN","26",NA,"SALES"," $","(D)","(D)"
2019,"STATE","MICHIGAN","26",NA,"SALES"," CWT","435","56.2"
2019,"STATE","MICHIGAN","26","FRESH MARKET","OPERATIONS WITH SALES",NA,"30","24.6"
2019,"STATE","MICHIGAN","26","FRESH MARKET","SALES"," $","(D)","(D)"
2019,"STATE","MICHIGAN","26","FRESH MARKET","SALES"," CWT","435","56.2"
2019,"STATE","MINNESOTA","27",NA,"ACRES HARVESTED",NA,"(D)","(D)"
2019,"STATE","MINNESOTA","27",NA,"OPERATIONS WITH AREA HARVESTED",NA,"13","37.8"
2019,"STATE","MINNESOTA","27",NA,"OPERATIONS WITH SALES",NA,"13","37.8"
2019,"STATE","MINNESOTA","27",NA,"PRODUCTION"," CWT","73","47.9"
2019,"STATE","MINNESOTA","27",NA,"SALES"," $","29,986","55.0"
2019,"STATE","MINNESOTA","27",NA,"SALES"," CWT","73","47.9"
2019,"STATE","MINNESOTA","27","FRESH MARKET","OPERATIONS WITH SALES",NA,"13","37.8"
2019,"STATE","MINNESOTA","27","FRESH MARKET","SALES"," $","29,986","55.0"
2019,"STATE","MINNESOTA","27","FRESH MARKET","SALES"," CWT","73","47.9"
2019,"STATE","MISSOURI","29",NA,"ACRES HARVESTED",NA,"(D)","(D)"
2019,"STATE","MISSOURI","29",NA,"OPERATIONS WITH AREA HARVESTED",NA,"1","24.6"
2019,"STATE","MISSOURI","29",NA,"OPERATIONS WITH SALES",NA,"1","24.6"
2019,"STATE","MISSOURI","29",NA,"PRODUCTION"," CWT","(D)","(D)"
2019,"STATE","MISSOURI","29",NA,"SALES"," $","(D)","(D)"
2019,"STATE","MISSOURI","29",NA,"SALES"," CWT","(D)","(D)"
2019,"STATE","MISSOURI","29","FRESH MARKET","OPERATIONS WITH SALES",NA,"1","24.6"
2019,"STATE","MISSOURI","29","FRESH MARKET","SALES"," $","(D)","(D)"
2019,"STATE","MISSOURI","29","FRESH MARKET","SALES"," CWT","(D)","(D)"
2019,"STATE","MONTANA","30",NA,"ACRES HARVESTED",NA,"(D)","(D)"
2019,"STATE","MONTANA","30",NA,"OPERATIONS WITH AREA HARVESTED",NA,"4","47.2"
2019,"STATE","MONTANA","30",NA,"OPERATIONS WITH SALES",NA,"4","47.2"
2019,"STATE","MONTANA","30",NA,"PRODUCTION"," CWT","39","52.1"
2019,"STATE","MONTANA","30",NA,"SALES"," $","18,302","59.1"
2019,"STATE","MONTANA","30",NA,"SALES"," CWT","39","52.1"
2019,"STATE","MONTANA","30","FRESH MARKET","OPERATIONS WITH SALES",NA,"4","47.2"
2019,"STATE","MONTANA","30","FRESH MARKET","SALES"," $","18,302","59.1"
2019,"STATE","MONTANA","30","FRESH MARKET","SALES"," CWT","39","52.1"
2019,"STATE","NEBRASKA","31",NA,"ACRES HARVESTED",NA,"(D)","(D)"
2019,"STATE","NEBRASKA","31",NA,"OPERATIONS WITH AREA HARVESTED",NA,"2","69.8"
2019,"STATE","NEBRASKA","31",NA,"OPERATIONS WITH SALES",NA,"2","69.8"
2019,"STATE","NEBRASKA","31",NA,"PRODUCTION"," CWT","(D)","(D)"
2019,"STATE","NEBRASKA","31",NA,"SALES"," $","(D)","(D)"
2019,"STATE","NEBRASKA","31",NA,"SALES"," CWT","(D)","(D)"
2019,"STATE","NEBRASKA","31","FRESH MARKET","OPERATIONS WITH SALES",NA,"2","69.8"
2019,"STATE","NEBRASKA","31","FRESH MARKET","SALES"," $","(D)","(D)"
2019,"STATE","NEBRASKA","31","FRESH MARKET","SALES"," CWT","(D)","(D)"
2019,"STATE","NEVADA","32",NA,"ACRES HARVESTED",NA,"(D)","(D)"
2019,"STATE","NEVADA","32",NA,"OPERATIONS WITH AREA HARVESTED",NA,"1","47.2"
2019,"STATE","NEVADA","32",NA,"OPERATIONS WITH SALES",NA,"1","47.2"
2019,"STATE","NEVADA","32",NA,"PRODUCTION"," CWT","(D)","(D)"
2019,"STATE","NEVADA","32",NA,"SALES"," $","(D)","(D)"
2019,"STATE","NEVADA","32",NA,"SALES"," CWT","(D)","(D)"
2019,"STATE","NEVADA","32","FRESH MARKET","OPERATIONS WITH SALES",NA,"1","47.2"
2019,"STATE","NEVADA","32","FRESH MARKET","SALES"," $","(D)","(D)"
2019,"STATE","NEVADA","32","FRESH MARKET","SALES"," CWT","(D)","(D)"
2019,"STATE","NEW HAMPSHIRE","33",NA,"ACRES HARVESTED",NA,"1","36.7"
2019,"STATE","NEW HAMPSHIRE","33",NA,"OPERATIONS WITH AREA HARVESTED",NA,"4","15.7"
2019,"STATE","NEW HAMPSHIRE","33",NA,"OPERATIONS WITH SALES",NA,"4","15.7"
2019,"STATE","NEW HAMPSHIRE","33",NA,"PRODUCTION"," CWT","(D)","(D)"
2019,"STATE","NEW HAMPSHIRE","33",NA,"SALES"," $","24,000","35.4"
2019,"STATE","NEW HAMPSHIRE","33",NA,"SALES"," CWT","(D)","(D)"
2019,"STATE","NEW HAMPSHIRE","33","FRESH MARKET","OPERATIONS WITH SALES",NA,"4","15.7"
2019,"STATE","NEW HAMPSHIRE","33","FRESH MARKET","SALES"," $","24,000","36.0"
2019,"STATE","NEW HAMPSHIRE","33","FRESH MARKET","SALES"," CWT","(D)","(D)"
2019,"STATE","NEW JERSEY","34",NA,"ACRES HARVESTED",NA,"7","36.7"
2019,"STATE","NEW JERSEY","34",NA,"OPERATIONS WITH AREA HARVESTED",NA,"10","15.7"
2019,"STATE","NEW JERSEY","34",NA,"OPERATIONS WITH SALES",NA,"10","15.7"
2019,"STATE","NEW JERSEY","34",NA,"PRODUCTION"," CWT","208","33.3"
2019,"STATE","NEW JERSEY","34",NA,"SALES"," $","(D)","(D)"
2019,"STATE","NEW JERSEY","34",NA,"SALES"," CWT","208","33.4"
2019,"STATE","NEW JERSEY","34","FRESH MARKET","OPERATIONS WITH SALES",NA,"10","15.7"
2019,"STATE","NEW JERSEY","34","FRESH MARKET","SALES"," $","(D)","(D)"
2019,"STATE","NEW JERSEY","34","FRESH MARKET","SALES"," CWT","208","33.8"
2019,"STATE","NEW MEXICO","35",NA,"ACRES HARVESTED",NA,"(D)","(D)"
2019,"STATE","NEW MEXICO","35",NA,"OPERATIONS WITH AREA HARVESTED",NA,"1","47.2"
2019,"STATE","NEW MEXICO","35",NA,"OPERATIONS WITH SALES",NA,"1","47.2"
2019,"STATE","NEW MEXICO","35",NA,"PRODUCTION"," CWT","(D)","(D)"
2019,"STATE","NEW MEXICO","35",NA,"SALES"," $","(D)","(D)"
2019,"STATE","NEW MEXICO","35",NA,"SALES"," CWT","(D)","(D)"
2019,"STATE","NEW MEXICO","35","FRESH MARKET","OPERATIONS WITH SALES",NA,"1","47.2"
2019,"STATE","NEW MEXICO","35","FRESH MARKET","SALES"," $","(D)","(D)"
2019,"STATE","NEW MEXICO","35","FRESH MARKET","SALES"," CWT","(D)","(D)"
2019,"STATE","NEW YORK","36",NA,"ACRES HARVESTED",NA,"41","40.9"
2019,"STATE","NEW YORK","36",NA,"OPERATIONS WITH AREA HARVESTED",NA,"36","27.3"
2019,"STATE","NEW YORK","36",NA,"OPERATIONS WITH SALES",NA,"36","27.3"
2019,"STATE","NEW YORK","36",NA,"PRODUCTION"," CWT","2,260","32.6"
2019,"STATE","NEW YORK","36",NA,"SALES"," $","644,155","42.2"
2019,"STATE","NEW YORK","36",NA,"SALES"," CWT","2,260","32.6"
2019,"STATE","NEW YORK","36","FRESH MARKET","OPERATIONS WITH SALES",NA,"34","28.7"
2019,"STATE","NEW YORK","36","FRESH MARKET","SALES"," $","(D)","(D)"
2019,"STATE","NEW YORK","36","FRESH MARKET","SALES"," CWT","(D)","(D)"
2019,"STATE","NEW YORK","36","PROCESSING","OPERATIONS WITH SALES",NA,"2","95.0"
2019,"STATE","NEW YORK","36","PROCESSING","SALES"," $","(D)","(D)"
2019,"STATE","NEW YORK","36","PROCESSING","SALES"," CWT","(D)","(D)"
2019,"STATE","NORTH CAROLINA","37",NA,"ACRES HARVESTED",NA,"4","94.6"
2019,"STATE","NORTH CAROLINA","37",NA,"OPERATIONS WITH AREA HARVESTED",NA,"7","43.9"
2019,"STATE","NORTH CAROLINA","37",NA,"OPERATIONS WITH SALES",NA,"7","43.9"
2019,"STATE","NORTH CAROLINA","37",NA,"PRODUCTION"," CWT","300","94.1"
2019,"STATE","NORTH CAROLINA","37",NA,"SALES"," $","87,402","75.2"
2019,"STATE","NORTH CAROLINA","37",NA,"SALES"," CWT","300","94.1"
2019,"STATE","NORTH CAROLINA","37","FRESH MARKET","OPERATIONS WITH SALES",NA,"7","43.9"
2019,"STATE","NORTH CAROLINA","37","FRESH MARKET","SALES"," $","87,402","75.2"
2019,"STATE","NORTH CAROLINA","37","FRESH MARKET","SALES"," CWT","300","94.1"
2019,"STATE","OHIO","39",NA,"ACRES HARVESTED",NA,"9","66.3"
2019,"STATE","OHIO","39",NA,"OPERATIONS WITH AREA HARVESTED",NA,"17","50.7"
2019,"STATE","OHIO","39",NA,"OPERATIONS WITH SALES",NA,"17","50.7"
2019,"STATE","OHIO","39",NA,"PRODUCTION"," CWT","315","56.9"
2019,"STATE","OHIO","39",NA,"SALES"," $","68,830","85.0"
2019,"STATE","OHIO","39",NA,"SALES"," CWT","315","56.9"
2019,"STATE","OHIO","39","FRESH MARKET","OPERATIONS WITH SALES",NA,"17","50.7"
2019,"STATE","OHIO","39","FRESH MARKET","SALES"," $","68,830","85.0"
2019,"STATE","OHIO","39","FRESH MARKET","SALES"," CWT","315","56.9"
2019,"STATE","OKLAHOMA","40",NA,"ACRES HARVESTED",NA,"10","(H)"
2019,"STATE","OKLAHOMA","40",NA,"OPERATIONS WITH AREA HARVESTED",NA,"4","95.2"
2019,"STATE","OKLAHOMA","40",NA,"OPERATIONS WITH SALES",NA,"4","95.2"
2019,"STATE","OKLAHOMA","40",NA,"PRODUCTION"," CWT","880","(H)"
2019,"STATE","OKLAHOMA","40",NA,"SALES"," $","161,288","(H)"
2019,"STATE","OKLAHOMA","40",NA,"SALES"," CWT","880","(H)"
2019,"STATE","OKLAHOMA","40","FRESH MARKET","OPERATIONS WITH SALES",NA,"4","95.2"
2019,"STATE","OKLAHOMA","40","FRESH MARKET","SALES"," $","161,288","(H)"
2019,"STATE","OKLAHOMA","40","FRESH MARKET","SALES"," CWT","880","(H)"
2019,"STATE","OREGON","41",NA,"ACRES HARVESTED",NA,"197","(H)"
2019,"STATE","OREGON","41",NA,"OPERATIONS WITH AREA HARVESTED",NA,"21","42.5"
2019,"STATE","OREGON","41",NA,"OPERATIONS WITH SALES",NA,"21","42.5"
2019,"STATE","OREGON","41",NA,"PRODUCTION"," CWT","5,081","(H)"
2019,"STATE","OREGON","41",NA,"SALES"," $","1,728,809","(H)"
2019,"STATE","OREGON","41",NA,"SALES"," CWT","5,081","(H)"
2019,"STATE","OREGON","41","FRESH MARKET","OPERATIONS WITH SALES",NA,"19","39.8"
2019,"STATE","OREGON","41","FRESH MARKET","SALES"," $","505,658","59.6"
2019,"STATE","OREGON","41","FRESH MARKET","SALES"," CWT","1,004","38.9"
2019,"STATE","OREGON","41","PROCESSING","OPERATIONS WITH SALES",NA,"3","(H)"
2019,"STATE","OREGON","41","PROCESSING","SALES"," $","1,223,151","(H)"
2019,"STATE","OREGON","41","PROCESSING","SALES"," CWT","4,077","(H)"
2019,"STATE","PENNSYLVANIA","42",NA,"ACRES HARVESTED",NA,"6","43.1"
2019,"STATE","PENNSYLVANIA","42",NA,"OPERATIONS WITH AREA HARVESTED",NA,"16","49.0"
2019,"STATE","PENNSYLVANIA","42",NA,"OPERATIONS WITH SALES",NA,"16","49.0"
2019,"STATE","PENNSYLVANIA","42",NA,"PRODUCTION"," CWT","341","38.4"
2019,"STATE","PENNSYLVANIA","42",NA,"SALES"," $","89,572","35.1"
2019,"STATE","PENNSYLVANIA","42",NA,"SALES"," CWT","341","38.4"
2019,"STATE","PENNSYLVANIA","42","FRESH MARKET","OPERATIONS WITH SALES",NA,"16","49.0"
2019,"STATE","PENNSYLVANIA","42","FRESH MARKET","SALES"," $","89,572","35.1"
2019,"STATE","PENNSYLVANIA","42","FRESH MARKET","SALES"," CWT","341","38.4"
2019,"STATE","RHODE ISLAND","44",NA,"ACRES HARVESTED",NA,"(D)","(D)"
2019,"STATE","RHODE ISLAND","44",NA,"OPERATIONS WITH AREA HARVESTED",NA,"2","15.7"
2019,"STATE","RHODE ISLAND","44",NA,"OPERATIONS WITH SALES",NA,"2","15.7"
2019,"STATE","RHODE ISLAND","44",NA,"PRODUCTION"," CWT","(D)","(D)"
2019,"STATE","RHODE ISLAND","44",NA,"SALES"," $","(D)","(D)"
2019,"STATE","RHODE ISLAND","44",NA,"SALES"," CWT","(D)","(D)"
2019,"STATE","RHODE ISLAND","44","FRESH MARKET","OPERATIONS WITH SALES",NA,"2","15.7"
2019,"STATE","RHODE ISLAND","44","FRESH MARKET","SALES"," $","(D)","(D)"
2019,"STATE","RHODE ISLAND","44","FRESH MARKET","SALES"," CWT","(D)","(D)"
2019,"STATE","SOUTH CAROLINA","45",NA,"ACRES HARVESTED",NA,"13","79.0"
2019,"STATE","SOUTH CAROLINA","45",NA,"OPERATIONS WITH AREA HARVESTED",NA,"8","30.4"
2019,"STATE","SOUTH CAROLINA","45",NA,"OPERATIONS WITH SALES",NA,"8","30.4"
2019,"STATE","SOUTH CAROLINA","45",NA,"PRODUCTION"," CWT","332","76.3"
2019,"STATE","SOUTH CAROLINA","45",NA,"SALES"," $","85,229","83.4"
2019,"STATE","SOUTH CAROLINA","45",NA,"SALES"," CWT","332","76.3"
2019,"STATE","SOUTH CAROLINA","45","FRESH MARKET","OPERATIONS WITH SALES",NA,"8","30.4"
2019,"STATE","SOUTH CAROLINA","45","FRESH MARKET","SALES"," $","85,229","83.4"
2019,"STATE","SOUTH CAROLINA","45","FRESH MARKET","SALES"," CWT","332","76.3"
2019,"STATE","SOUTH DAKOTA","46",NA,"ACRES HARVESTED",NA,"(D)","(D)"
2019,"STATE","SOUTH DAKOTA","46",NA,"OPERATIONS WITH AREA HARVESTED",NA,"1","69.8"
2019,"STATE","SOUTH DAKOTA","46",NA,"OPERATIONS WITH SALES",NA,"1","69.8"
2019,"STATE","SOUTH DAKOTA","46",NA,"PRODUCTION"," CWT","(D)","(D)"
2019,"STATE","SOUTH DAKOTA","46",NA,"SALES"," $","(D)","(D)"
2019,"STATE","SOUTH DAKOTA","46",NA,"SALES"," CWT","(D)","(D)"
2019,"STATE","SOUTH DAKOTA","46","FRESH MARKET","OPERATIONS WITH SALES",NA,"1","69.8"
2019,"STATE","SOUTH DAKOTA","46","FRESH MARKET","SALES"," $","(D)","(D)"
2019,"STATE","SOUTH DAKOTA","46","FRESH MARKET","SALES"," CWT","(D)","(D)"
2019,"STATE","TENNESSEE","47",NA,"ACRES HARVESTED",NA,"5","94.6"
2019,"STATE","TENNESSEE","47",NA,"OPERATIONS WITH AREA HARVESTED",NA,"7","43.9"
2019,"STATE","TENNESSEE","47",NA,"OPERATIONS WITH SALES",NA,"7","43.9"
2019,"STATE","TENNESSEE","47",NA,"PRODUCTION"," CWT","219","94.1"
2019,"STATE","TENNESSEE","47",NA,"SALES"," $","35,934","75.2"
2019,"STATE","TENNESSEE","47",NA,"SALES"," CWT","219","94.1"
2019,"STATE","TENNESSEE","47","FRESH MARKET","OPERATIONS WITH SALES",NA,"7","43.9"
2019,"STATE","TENNESSEE","47","FRESH MARKET","SALES"," $","35,934","75.2"
2019,"STATE","TENNESSEE","47","FRESH MARKET","SALES"," CWT","219","94.1"
2019,"STATE","VERMONT","50",NA,"ACRES HARVESTED",NA,"21","32.0"
2019,"STATE","VERMONT","50",NA,"OPERATIONS WITH AREA HARVESTED",NA,"26","23.2"
2019,"STATE","VERMONT","50",NA,"OPERATIONS WITH SALES",NA,"26","23.2"
2019,"STATE","VERMONT","50",NA,"PRODUCTION"," CWT","1,051","39.3"
2019,"STATE","VERMONT","50",NA,"SALES"," $","486,870","34.0"
2019,"STATE","VERMONT","50",NA,"SALES"," CWT","1,051","39.3"
2019,"STATE","VERMONT","50","FRESH MARKET","OPERATIONS WITH SALES",NA,"26","23.2"
2019,"STATE","VERMONT","50","FRESH MARKET","SALES"," $","486,870","34.0"
2019,"STATE","VERMONT","50","FRESH MARKET","SALES"," CWT","1,051","39.3"
2019,"STATE","VIRGINIA","51",NA,"ACRES HARVESTED",NA,"(D)","(D)"
2019,"STATE","VIRGINIA","51",NA,"OPERATIONS WITH AREA HARVESTED",NA,"1","43.9"
2019,"STATE","VIRGINIA","51",NA,"OPERATIONS WITH SALES",NA,"1","43.9"
2019,"STATE","VIRGINIA","51",NA,"PRODUCTION"," CWT","(D)","(D)"
2019,"STATE","VIRGINIA","51",NA,"SALES"," $","(D)","(D)"
2019,"STATE","VIRGINIA","51",NA,"SALES"," CWT","(D)","(D)"
2019,"STATE","VIRGINIA","51","FRESH MARKET","OPERATIONS WITH SALES",NA,"1","43.9"
2019,"STATE","VIRGINIA","51","FRESH MARKET","SALES"," $","(D)","(D)"
2019,"STATE","VIRGINIA","51","FRESH MARKET","SALES"," CWT","(D)","(D)"
2019,"STATE","WASHINGTON","53",NA,"ACRES HARVESTED",NA,"55","58.3"
2019,"STATE","WASHINGTON","53",NA,"OPERATIONS WITH AREA HARVESTED",NA,"57","40.1"
2019,"STATE","WASHINGTON","53",NA,"OPERATIONS WITH SALES",NA,"57","40.1"
2019,"STATE","WASHINGTON","53",NA,"PRODUCTION"," CWT","2,428","78.4"
2019,"STATE","WASHINGTON","53",NA,"SALES"," $","745,009","67.2"
2019,"STATE","WASHINGTON","53",NA,"SALES"," CWT","2,428","78.4"
2019,"STATE","WASHINGTON","53","FRESH MARKET","OPERATIONS WITH SALES",NA,"53","40.5"
2019,"STATE","WASHINGTON","53","FRESH MARKET","SALES"," $","(D)","(D)"
2019,"STATE","WASHINGTON","53","FRESH MARKET","SALES"," CWT","2,404","79.4"
2019,"STATE","WASHINGTON","53","PROCESSING","OPERATIONS WITH SALES",NA,"6","89.2"
2019,"STATE","WASHINGTON","53","PROCESSING","SALES"," $","(D)","(D)"
2019,"STATE","WASHINGTON","53","PROCESSING","SALES"," CWT","23","80.9"
2019,"STATE","WEST VIRGINIA","54",NA,"ACRES HARVESTED",NA,"(D)","(D)"
2019,"STATE","WEST VIRGINIA","54",NA,"OPERATIONS WITH AREA HARVESTED",NA,"1","43.9"
2019,"STATE","WEST VIRGINIA","54",NA,"OPERATIONS WITH SALES",NA,"1","43.9"
2019,"STATE","WEST VIRGINIA","54",NA,"PRODUCTION"," CWT","(D)","(D)"
2019,"STATE","WEST VIRGINIA","54",NA,"SALES"," $","(D)","(D)"
2019,"STATE","WEST VIRGINIA","54",NA,"SALES"," CWT","(D)","(D)"
2019,"STATE","WEST VIRGINIA","54","FRESH MARKET","OPERATIONS WITH SALES",NA,"1","43.9"
2019,"STATE","WEST VIRGINIA","54","FRESH MARKET","SALES"," $","(D)","(D)"
2019,"STATE","WEST VIRGINIA","54","FRESH MARKET","SALES"," CWT","(D)","(D)"
2019,"STATE","WISCONSIN","55",NA,"ACRES HARVESTED",NA,"5","56.3"
2019,"STATE","WISCONSIN","55",NA,"OPERATIONS WITH AREA HARVESTED",NA,"22","23.8"
2019,"STATE","WISCONSIN","55",NA,"OPERATIONS WITH SALES",NA,"22","23.8"
2019,"STATE","WISCONSIN","55",NA,"PRODUCTION"," CWT","135","55.9"
2019,"STATE","WISCONSIN","55",NA,"SALES"," $","50,111","42.1"
2019,"STATE","WISCONSIN","55",NA,"SALES"," CWT","135","55.9"
2019,"STATE","WISCONSIN","55","FRESH MARKET","OPERATIONS WITH SALES",NA,"22","23.8"
2019,"STATE","WISCONSIN","55","FRESH MARKET","SALES"," $","50,111","42.1"
2019,"STATE","WISCONSIN","55","FRESH MARKET","SALES"," CWT","135","55.9"
